,,,,,Sensor_Package_Name,Sensor_Package_Name,Sensor_Package_Name,Sensor_Package_Name,Sensor_Package_Name
,,,,,AirBeam3-8c4b14007064,AirBeam3-8c4b14007064,AirBeam3-8c4b14007064,AirBeam3-8c4b14007064,AirBeam3-8c4b14007064
,,,,,Sensor_Name,Sensor_Name,Sensor_Name,Sensor_Name,Sensor_Name
,,,,,AirBeam3-F,AirBeam3-PM1,AirBeam3-PM10,AirBeam3-PM2.5,AirBeam3-RH
,,,,,Measurement_Type,Measurement_Type,Measurement_Type,Measurement_Type,Measurement_Type
,,,,,Temperature,Particulate Matter,Particulate Matter,Particulate Matter,Humidity
,,,,,Measurement_Units,Measurement_Units,Measurement_Units,Measurement_Units,Measurement_Units
,,,,,fahrenheit,microgram per cubic meter,microgram per cubic meter,microgram per cubic meter,percent
ObjectID,Session_Name,Timestamp,Latitude,Longitude,1:Measurement_Value,2:Measurement_Value,3:Measurement_Value,4:Measurement_Value,5:Measurement_Value
1,7.3 Miles,2023-01-19T20:28:33.000,,,84,0,0,0,27
2,7.3 Miles,2023-01-19T20:33:40.000,,,84,0,0,0,27
3,7.3 Miles,2023-01-19T20:38:47.000,,,83,0,0,0,26
4,7.3 Miles,2023-01-19T20:43:54.000,,,83,0,0,0,26
5,7.3 Miles,2023-01-19T20:49:01.000,,,83,0,0,0,25
6,7.3 Miles,2023-01-19T20:54:08.000,,,83,0,0,0,25
7,7.3 Miles,2023-01-19T20:59:15.000,,,83,0,0,0,25
8,7.3 Miles,2023-01-19T21:04:22.000,,,83,0,0,0,25
9,7.3 Miles,2023-01-19T21:09:29.000,,,83,0,0,0,25
10,7.3 Miles,2023-01-19T21:14:36.000,,,83,0,0,0,25
11,7.3 Miles,2023-01-19T21:19:43.000,,,82,0,0,0,25
12,7.3 Miles,2023-01-19T21:24:50.000,,,82,0,0,0,25
13,7.3 Miles,2023-01-19T21:29:57.000,,,83,0,0,0,25
14,7.3 Miles,2023-01-19T21:35:04.000,,,83,0,0,0,25
15,7.3 Miles,2023-01-19T21:40:11.000,,,83,0,0,0,25
16,7.3 Miles,2023-01-19T21:45:18.000,,,83,0,0,0,24
17,7.3 Miles,2023-01-19T21:50:25.000,,,83,0,0,0,24
18,7.3 Miles,2023-01-19T21:55:32.000,,,83,0,0,0,24
19,7.3 Miles,2023-01-19T22:00:39.000,,,82,0,0,0,24
20,7.3 Miles,2023-01-19T22:05:46.000,,,82,0,0,0,24
21,7.3 Miles,2023-01-19T22:10:53.000,,,82,0,0,0,25
22,7.3 Miles,2023-01-19T22:16:00.000,,,82,0,0,0,24
23,7.3 Miles,2023-01-19T22:21:07.000,,,83,0,0,0,24
24,7.3 Miles,2023-01-19T22:26:14.000,,,83,0,0,0,24
25,7.3 Miles,2023-01-19T22:31:21.000,,,83,0,0,0,24
26,7.3 Miles,2023-01-19T22:36:28.000,,,82,0,0,0,24
27,7.3 Miles,2023-01-19T22:41:35.000,,,82,0,0,0,24
28,7.3 Miles,2023-01-19T22:46:42.000,,,82,0,0,0,24
29,7.3 Miles,2023-01-19T22:51:49.000,,,82,0,0,0,24
30,7.3 Miles,2023-01-19T22:56:56.000,,,82,0,0,0,24
31,7.3 Miles,2023-01-19T23:02:03.000,,,82,0,0,0,24
32,7.3 Miles,2023-01-19T23:07:10.000,,,82,0,0,0,24
33,7.3 Miles,2023-01-19T23:12:17.000,,,82,0,0,0,24
34,7.3 Miles,2023-01-19T23:17:24.000,,,82,0,0,0,24
35,7.3 Miles,2023-01-19T23:22:31.000,,,82,0,0,0,24
36,7.3 Miles,2023-01-19T23:27:38.000,,,82,0,0,0,24
37,7.3 Miles,2023-01-19T23:32:45.000,,,82,0,0,0,24
38,7.3 Miles,2023-01-19T23:37:52.000,,,82,0,0,0,24
39,7.3 Miles,2023-01-19T23:42:59.000,,,81,0,0,0,24
40,7.3 Miles,2023-01-19T23:48:06.000,,,81,0,0,0,23
41,7.3 Miles,2023-01-19T23:53:13.000,,,81,0,0,0,24
42,7.3 Miles,2023-01-19T23:58:20.000,,,81,0,0,0,24
43,7.3 Miles,2023-01-20T00:03:27.000,,,81,0,0,0,24
44,7.3 Miles,2023-01-20T00:08:34.000,,,80,0,0,0,24
45,7.3 Miles,2023-01-20T00:13:41.000,,,81,0,0,0,24
46,7.3 Miles,2023-01-20T00:18:48.000,,,81,0,0,0,24
47,7.3 Miles,2023-01-20T00:23:55.000,,,81,0,0,0,24
48,7.3 Miles,2023-01-20T00:29:02.000,,,81,0,0,0,24
49,7.3 Miles,2023-01-20T00:34:09.000,,,81,0,0,0,24
50,7.3 Miles,2023-01-20T00:39:16.000,,,81,0,0,0,24
51,7.3 Miles,2023-01-20T00:44:23.000,,,81,0,0,0,24
52,7.3 Miles,2023-01-20T00:49:30.000,,,80,0,0,0,24
53,7.3 Miles,2023-01-20T00:54:37.000,,,80,0,0,0,24
54,7.3 Miles,2023-01-20T00:59:44.000,,,80,0,0,0,24
55,7.3 Miles,2023-01-20T01:04:51.000,,,80,0,0,0,24
56,7.3 Miles,2023-01-20T01:09:58.000,,,81,0,0,0,24
57,7.3 Miles,2023-01-20T01:15:05.000,,,81,0,0,0,24
58,7.3 Miles,2023-01-20T01:20:12.000,,,80,0,0,0,24
59,7.3 Miles,2023-01-20T01:25:19.000,,,80,0,0,0,24
60,7.3 Miles,2023-01-20T01:30:26.000,,,80,0,0,0,24
61,7.3 Miles,2023-01-20T01:35:33.000,,,80,0,0,0,24
62,7.3 Miles,2023-01-20T01:40:40.000,,,80,0,0,0,24
63,7.3 Miles,2023-01-20T01:45:47.000,,,80,0,0,0,24
64,7.3 Miles,2023-01-20T01:50:54.000,,,80,0,0,0,24
65,7.3 Miles,2023-01-20T01:56:01.000,,,80,0,0,0,24
66,7.3 Miles,2023-01-20T02:01:08.000,,,80,0,0,0,24
67,7.3 Miles,2023-01-20T02:06:15.000,,,80,0,0,0,24
68,7.3 Miles,2023-01-20T02:11:22.000,,,80,0,0,0,24
69,7.3 Miles,2023-01-20T02:16:29.000,,,80,0,0,0,24
70,7.3 Miles,2023-01-20T02:21:36.000,,,80,0,0,0,24
71,7.3 Miles,2023-01-20T02:26:43.000,,,80,0,0,0,24
72,7.3 Miles,2023-01-20T02:31:50.000,,,80,0,0,0,24
73,7.3 Miles,2023-01-20T02:36:57.000,,,80,0,0,0,24
74,7.3 Miles,2023-01-20T02:42:04.000,,,79,0,0,0,24
75,7.3 Miles,2023-01-20T02:47:11.000,,,79,0,0,0,24
76,7.3 Miles,2023-01-20T02:52:18.000,,,80,0,0,0,24
77,7.3 Miles,2023-01-20T02:57:25.000,,,80,0,0,0,24
78,7.3 Miles,2023-01-20T03:02:32.000,,,80,0,0,0,24
79,7.3 Miles,2023-01-20T03:07:39.000,,,79,0,0,0,24
80,7.3 Miles,2023-01-20T03:12:46.000,,,79,0,0,0,24
81,7.3 Miles,2023-01-20T03:17:53.000,,,79,0,0,0,24
82,7.3 Miles,2023-01-20T03:23:00.000,,,79,0,0,0,24
83,7.3 Miles,2023-01-20T03:28:07.000,,,78,0,0,0,25
84,7.3 Miles,2023-01-20T03:33:14.000,,,79,0,0,0,24
85,7.3 Miles,2023-01-20T03:38:21.000,,,79,0,0,0,24
86,7.3 Miles,2023-01-20T03:43:28.000,,,79,0,0,0,24
87,7.3 Miles,2023-01-20T03:48:35.000,,,79,0,0,0,24
88,7.3 Miles,2023-01-20T03:53:42.000,,,79,0,0,0,24
89,7.3 Miles,2023-01-20T03:58:49.000,,,79,0,0,0,24
90,7.3 Miles,2023-01-20T04:03:56.000,,,78,0,0,0,24
91,7.3 Miles,2023-01-20T04:09:03.000,,,78,0,0,0,24
92,7.3 Miles,2023-01-20T04:14:10.000,,,78,0,0,0,25
93,7.3 Miles,2023-01-20T04:19:17.000,,,78,0,0,0,25
94,7.3 Miles,2023-01-20T04:24:24.000,,,79,0,0,0,25
95,7.3 Miles,2023-01-20T04:29:31.000,,,78,0,0,0,25
96,7.3 Miles,2023-01-20T04:34:38.000,,,78,0,0,0,25
97,7.3 Miles,2023-01-20T04:39:45.000,,,78,0,0,0,25
98,7.3 Miles,2023-01-20T04:44:52.000,,,78,0,0,0,25
99,7.3 Miles,2023-01-20T04:49:59.000,,,78,0,0,0,25
100,7.3 Miles,2023-01-20T04:55:06.000,,,77,0,0,0,25
101,7.3 Miles,2023-01-20T05:00:13.000,,,77,0,0,0,25
102,7.3 Miles,2023-01-20T05:05:20.000,,,78,0,0,0,25
103,7.3 Miles,2023-01-20T05:10:27.000,,,79,0,0,0,25
104,7.3 Miles,2023-01-20T05:15:34.000,,,79,0,0,0,25
105,7.3 Miles,2023-01-20T05:20:41.000,,,79,0,0,0,25
106,7.3 Miles,2023-01-20T05:25:48.000,,,80,0,0,0,24
107,7.3 Miles,2023-01-20T05:30:55.000,,,79,0,0,0,24
108,7.3 Miles,2023-01-20T05:36:02.000,,,79,0,0,0,25
109,7.3 Miles,2023-01-20T05:41:09.000,,,80,0,0,0,24
110,7.3 Miles,2023-01-20T05:46:16.000,,,79,0,0,0,25
111,7.3 Miles,2023-01-20T05:51:23.000,,,79,0,0,0,25
112,7.3 Miles,2023-01-20T05:56:30.000,,,79,0,0,0,25
113,7.3 Miles,2023-01-20T06:01:37.000,,,79,0,0,0,25
114,7.3 Miles,2023-01-20T06:06:44.000,,,79,0,0,0,25
115,7.3 Miles,2023-01-20T06:11:51.000,,,79,0,0,0,25
116,7.3 Miles,2023-01-20T06:16:58.000,,,79,0,0,0,25
117,7.3 Miles,2023-01-20T06:22:05.000,,,79,0,0,0,25
118,7.3 Miles,2023-01-20T06:27:12.000,,,79,0,0,0,25
119,7.3 Miles,2023-01-20T06:32:19.000,,,79,0,0,0,26
120,7.3 Miles,2023-01-20T06:37:26.000,,,79,0,0,0,27
121,7.3 Miles,2023-01-20T06:42:33.000,,,79,0,0,0,26
122,7.3 Miles,2023-01-20T06:47:40.000,,,79,0,0,0,26
123,7.3 Miles,2023-01-20T06:52:47.000,,,78,0,0,0,26
124,7.3 Miles,2023-01-20T06:57:54.000,,,79,0,0,0,26
125,7.3 Miles,2023-01-20T07:03:01.000,,,79,0,0,0,26
126,7.3 Miles,2023-01-20T07:08:08.000,,,79,0,0,0,26
127,7.3 Miles,2023-01-20T07:13:15.000,,,79,0,0,0,26
128,7.3 Miles,2023-01-20T07:18:22.000,,,79,0,0,0,26
129,7.3 Miles,2023-01-20T07:23:29.000,,,78,0,0,0,26
130,7.3 Miles,2023-01-20T07:28:36.000,,,79,0,0,0,26
131,7.3 Miles,2023-01-20T07:33:43.000,,,79,0,0,0,26
132,7.3 Miles,2023-01-20T07:38:50.000,,,79,0,0,0,26
133,7.3 Miles,2023-01-20T07:43:57.000,,,79,0,0,0,26
134,7.3 Miles,2023-01-20T07:49:04.000,,,79,0,0,0,26
135,7.3 Miles,2023-01-20T07:54:11.000,,,78,0,0,0,26
136,7.3 Miles,2023-01-20T07:59:18.000,,,78,0,0,0,26
137,7.3 Miles,2023-01-20T08:04:25.000,,,78,0,0,0,26
138,7.3 Miles,2023-01-20T08:09:32.000,,,78,0,0,0,26
139,7.3 Miles,2023-01-20T08:14:39.000,,,78,0,0,0,26
140,7.3 Miles,2023-01-20T08:19:46.000,,,78,0,0,0,26
141,7.3 Miles,2023-01-20T08:24:53.000,,,78,0,0,0,26
142,7.3 Miles,2023-01-20T08:30:00.000,,,77,0,0,0,26
143,7.3 Miles,2023-01-20T08:35:07.000,,,77,0,0,0,26
144,7.3 Miles,2023-01-20T08:40:14.000,,,77,0,0,0,26
145,7.3 Miles,2023-01-20T08:45:21.000,,,77,0,0,0,26
146,7.3 Miles,2023-01-20T08:50:28.000,,,77,0,0,0,26
147,7.3 Miles,2023-01-20T08:55:35.000,,,77,0,0,0,26
148,7.3 Miles,2023-01-20T09:00:42.000,,,77,0,0,0,26
149,7.3 Miles,2023-01-20T09:05:49.000,,,77,0,0,0,26
150,7.3 Miles,2023-01-20T09:10:56.000,,,77,0,0,0,26
151,7.3 Miles,2023-01-20T09:16:03.000,,,76,0,0,0,26
152,7.3 Miles,2023-01-20T09:21:09.000,,,76,0,0,0,26
153,7.3 Miles,2023-01-20T09:26:16.000,,,76,0,0,0,25
154,7.3 Miles,2023-01-20T09:31:23.000,,,76,0,0,0,26
155,7.3 Miles,2023-01-20T09:36:30.000,,,76,0,0,0,26
156,7.3 Miles,2023-01-20T09:41:37.000,,,76,0,0,0,26
157,7.3 Miles,2023-01-20T09:46:44.000,,,76,0,0,0,26
158,7.3 Miles,2023-01-20T09:51:51.000,,,76,0,0,0,26
159,7.3 Miles,2023-01-20T09:56:58.000,,,76,0,0,0,26
160,7.3 Miles,2023-01-20T10:02:05.000,,,76,0,0,0,26
161,7.3 Miles,2023-01-20T10:07:12.000,,,76,0,0,0,26
162,7.3 Miles,2023-01-20T10:12:19.000,,,76,0,0,0,25
163,7.3 Miles,2023-01-20T10:17:26.000,,,76,0,0,0,25
164,7.3 Miles,2023-01-20T10:22:33.000,,,76,0,0,0,25
165,7.3 Miles,2023-01-20T10:27:40.000,,,76,0,0,0,25
166,7.3 Miles,2023-01-20T10:32:47.000,,,76,0,0,0,25
167,7.3 Miles,2023-01-20T10:37:54.000,,,76,0,0,0,25
168,7.3 Miles,2023-01-20T10:43:01.000,,,76,0,0,0,25
169,7.3 Miles,2023-01-20T10:48:08.000,,,76,0,0,0,25
170,7.3 Miles,2023-01-20T10:53:15.000,,,76,0,0,0,25
171,7.3 Miles,2023-01-20T10:58:22.000,,,76,0,0,0,25
172,7.3 Miles,2023-01-20T11:03:29.000,,,76,0,0,0,25
173,7.3 Miles,2023-01-20T11:08:36.000,,,76,0,0,0,26
174,7.3 Miles,2023-01-20T11:13:43.000,,,76,0,0,0,25
175,7.3 Miles,2023-01-20T11:18:50.000,,,76,0,0,0,25
176,7.3 Miles,2023-01-20T11:23:57.000,,,76,0,0,0,25
177,7.3 Miles,2023-01-20T11:29:04.000,,,76,0,0,0,25
178,7.3 Miles,2023-01-20T11:34:11.000,,,76,0,0,0,25
179,7.3 Miles,2023-01-20T11:39:18.000,,,76,0,0,0,25
180,7.3 Miles,2023-01-20T11:44:25.000,,,76,0,0,0,25
181,7.3 Miles,2023-01-20T11:49:32.000,,,76,0,0,0,25
182,7.3 Miles,2023-01-20T11:54:39.000,,,76,0,0,0,25
183,7.3 Miles,2023-01-20T11:59:46.000,,,76,0,0,0,25
184,7.3 Miles,2023-01-20T12:04:53.000,,,77,0,0,0,25
185,7.3 Miles,2023-01-20T12:10:00.000,,,76,0,0,0,25
186,7.3 Miles,2023-01-20T12:15:07.000,,,76,0,0,0,25
187,7.3 Miles,2023-01-20T12:20:14.000,,,76,0,0,0,25
188,7.3 Miles,2023-01-20T12:25:21.000,,,76,0,0,0,25
189,7.3 Miles,2023-01-20T12:30:28.000,,,76,0,0,0,25
190,7.3 Miles,2023-01-20T12:35:35.000,,,76,0,0,0,25
191,7.3 Miles,2023-01-20T12:40:42.000,,,76,0,0,0,25
192,7.3 Miles,2023-01-20T12:45:49.000,,,77,0,0,0,25
193,7.3 Miles,2023-01-20T12:50:56.000,,,77,0,0,0,25
194,7.3 Miles,2023-01-20T12:56:03.000,,,77,0,0,0,25
195,7.3 Miles,2023-01-20T13:01:10.000,,,76,0,0,0,25
196,7.3 Miles,2023-01-20T13:06:17.000,,,76,0,0,0,25
197,7.3 Miles,2023-01-20T13:11:24.000,,,76,0,0,0,25
198,7.3 Miles,2023-01-20T13:16:31.000,,,76,0,0,0,25
199,7.3 Miles,2023-01-20T13:21:38.000,,,76,0,0,0,25
200,7.3 Miles,2023-01-20T13:26:45.000,,,76,0,0,0,25
201,7.3 Miles,2023-01-20T13:31:52.000,,,77,0,0,0,24
202,7.3 Miles,2023-01-20T13:36:59.000,,,77,0,0,0,24
203,7.3 Miles,2023-01-20T13:42:06.000,,,77,0,0,0,24
204,7.3 Miles,2023-01-20T13:47:13.000,,,77,0,0,0,25
205,7.3 Miles,2023-01-20T13:52:20.000,,,76,0,0,0,25
206,7.3 Miles,2023-01-20T13:57:27.000,,,76,0,0,0,25
207,7.3 Miles,2023-01-20T14:02:34.000,,,76,0,0,0,25
208,7.3 Miles,2023-01-20T14:07:41.000,,,76,0,0,0,25
209,7.3 Miles,2023-01-20T14:12:48.000,,,76,0,0,0,25
210,7.3 Miles,2023-01-20T14:17:55.000,,,77,0,0,0,24
211,7.3 Miles,2023-01-20T14:23:02.000,,,77,0,0,0,24
212,7.3 Miles,2023-01-20T14:28:09.000,,,77,0,0,0,24
213,7.3 Miles,2023-01-20T14:33:16.000,,,77,0,0,0,24
214,7.3 Miles,2023-01-20T14:38:23.000,,,76,0,0,0,24
215,7.3 Miles,2023-01-20T14:43:30.000,,,76,0,0,0,24
216,7.3 Miles,2023-01-20T14:48:37.000,,,76,0,0,0,24
217,7.3 Miles,2023-01-20T14:53:44.000,,,76,0,0,0,24
218,7.3 Miles,2023-01-20T14:58:51.000,,,76,0,0,0,25
219,7.3 Miles,2023-01-20T15:03:58.000,,,76,0,0,0,25
220,7.3 Miles,2023-01-20T15:09:05.000,,,77,0,0,0,24
221,7.3 Miles,2023-01-20T15:14:12.000,,,77,0,0,0,24
222,7.3 Miles,2023-01-20T15:19:19.000,,,77,0,0,0,24
223,7.3 Miles,2023-01-20T15:24:26.000,,,76,0,0,0,24
224,7.3 Miles,2023-01-20T15:29:33.000,,,76,0,0,0,24
225,7.3 Miles,2023-01-20T15:34:40.000,,,76,0,0,0,24
226,7.3 Miles,2023-01-20T15:39:47.000,,,76,0,0,0,24
227,7.3 Miles,2023-01-20T15:44:54.000,,,76,0,0,0,25
228,7.3 Miles,2023-01-20T15:50:01.000,,,77,0,0,0,24
229,7.3 Miles,2023-01-20T15:55:08.000,,,77,0,0,0,24
230,7.3 Miles,2023-01-20T16:00:15.000,,,77,0,0,0,24
231,7.3 Miles,2023-01-20T16:05:22.000,,,77,0,0,0,24
232,7.3 Miles,2023-01-20T16:10:29.000,,,76,0,0,0,24
233,7.3 Miles,2023-01-20T16:15:36.000,,,76,0,0,0,24
234,7.3 Miles,2023-01-20T16:20:43.000,,,76,0,0,0,24
235,7.3 Miles,2023-01-20T16:25:50.000,,,76,0,0,0,25
236,7.3 Miles,2023-01-20T16:30:57.000,,,77,0,0,0,24
237,7.3 Miles,2023-01-20T16:36:04.000,,,77,0,0,0,24
238,7.3 Miles,2023-01-20T16:41:11.000,,,77,0,0,0,24
239,7.3 Miles,2023-01-20T16:46:18.000,,,77,0,0,0,24
240,7.3 Miles,2023-01-20T16:51:25.000,,,78,0,0,0,24
241,7.3 Miles,2023-01-20T16:56:32.000,,,78,0,0,0,23
242,7.3 Miles,2023-01-20T17:01:39.000,,,78,0,0,0,23
243,7.3 Miles,2023-01-20T17:06:46.000,,,78,0,0,0,23
244,7.3 Miles,2023-01-20T17:11:53.000,,,78,0,0,0,24
245,7.3 Miles,2023-01-20T17:17:00.000,,,77,0,0,0,24
246,7.3 Miles,2023-01-20T17:22:07.000,,,78,0,0,0,24
247,7.3 Miles,2023-01-20T17:27:14.000,,,78,0,0,0,23
248,7.3 Miles,2023-01-20T17:32:21.000,,,78,0,0,0,23
249,7.3 Miles,2023-01-20T17:37:28.000,,,78,0,0,0,24
250,7.3 Miles,2023-01-20T17:42:35.000,,,78,0,0,0,24
251,7.3 Miles,2023-01-20T17:47:42.000,,,77,0,0,0,24
252,7.3 Miles,2023-01-20T17:52:49.000,,,78,0,0,0,24
253,7.3 Miles,2023-01-20T17:57:56.000,,,78,0,0,0,24
254,7.3 Miles,2023-01-20T18:03:03.000,,,78,0,0,0,24
255,7.3 Miles,2023-01-20T18:08:10.000,,,78,0,0,0,24
256,7.3 Miles,2023-01-20T18:13:17.000,,,78,0,0,0,25
257,7.3 Miles,2023-01-20T18:18:24.000,,,77,0,0,0,25
258,7.3 Miles,2023-01-20T18:23:31.000,,,78,0,0,0,24
259,7.3 Miles,2023-01-20T18:28:38.000,,,78,0,0,0,24
260,7.3 Miles,2023-01-20T18:33:45.000,,,78,0,0,0,24
261,7.3 Miles,2023-01-20T18:38:52.000,,,78,0,0,0,24
262,7.3 Miles,2023-01-20T18:43:59.000,,,78,0,0,0,24
263,7.3 Miles,2023-01-20T18:49:06.000,,,78,0,0,0,24
264,7.3 Miles,2023-01-20T18:54:13.000,,,78,0,0,0,24
265,7.3 Miles,2023-01-20T18:59:20.000,,,77,0,0,0,25
266,7.3 Miles,2023-01-20T19:04:27.000,,,78,0,0,0,24
267,7.3 Miles,2023-01-20T19:09:34.000,,,78,0,0,0,24
268,7.3 Miles,2023-01-20T19:14:41.000,,,78,0,0,0,24
269,7.3 Miles,2023-01-20T19:19:48.000,,,78,0,0,0,24
270,7.3 Miles,2023-01-20T19:24:55.000,,,78,0,0,0,24
271,7.3 Miles,2023-01-20T19:30:02.000,,,77,0,0,0,24
272,7.3 Miles,2023-01-20T19:35:09.000,,,77,0,0,0,25
273,7.3 Miles,2023-01-20T19:40:16.000,,,77,0,0,0,24
274,7.3 Miles,2023-01-20T19:45:23.000,,,78,0,0,0,24
275,7.3 Miles,2023-01-20T19:50:30.000,,,78,0,0,0,24
276,7.3 Miles,2023-01-20T19:55:37.000,,,78,0,0,0,24
277,7.3 Miles,2023-01-20T20:00:44.000,,,78,0,0,0,24
278,7.3 Miles,2023-01-20T20:05:51.000,,,78,0,0,0,24
279,7.3 Miles,2023-01-20T20:10:58.000,,,77,0,0,0,24
280,7.3 Miles,2023-01-20T20:16:05.000,,,77,0,0,0,24
281,7.3 Miles,2023-01-20T20:21:12.000,,,77,0,0,0,25
282,7.3 Miles,2023-01-20T20:26:19.000,,,78,0,0,0,24
283,7.3 Miles,2023-01-20T20:31:26.000,,,78,2,2,2,24
284,7.3 Miles,2023-01-20T20:36:33.000,,,78,7,8,8,25
285,7.3 Miles,2023-01-20T20:41:40.000,,,78,3,4,4,25
286,7.3 Miles,2023-01-20T20:46:47.000,,,77,2,3,3,25
287,7.3 Miles,2023-01-20T20:51:54.000,,,77,2,2,2,25
288,7.3 Miles,2023-01-20T20:57:01.000,,,77,1,2,2,25
289,7.3 Miles,2023-01-20T21:02:08.000,,,77,1,1,1,25
290,7.3 Miles,2023-01-20T21:07:15.000,,,77,0,1,0,25
291,7.3 Miles,2023-01-20T21:12:22.000,,,78,0,0,0,25
292,7.3 Miles,2023-01-20T21:17:29.000,,,78,0,0,0,25
293,7.3 Miles,2023-01-20T21:22:36.000,,,77,0,0,0,25
294,7.3 Miles,2023-01-20T21:27:43.000,,,77,0,0,0,25
295,7.3 Miles,2023-01-20T21:32:50.000,,,77,0,0,0,25
296,7.3 Miles,2023-01-20T21:37:57.000,,,77,0,0,0,25
297,7.3 Miles,2023-01-20T21:43:04.000,,,77,0,0,0,25
298,7.3 Miles,2023-01-20T21:48:11.000,,,77,0,0,0,25
299,7.3 Miles,2023-01-20T21:53:18.000,,,78,0,0,0,25
300,7.3 Miles,2023-01-20T21:58:25.000,,,78,0,0,0,25
301,7.3 Miles,2023-01-20T22:03:32.000,,,77,0,0,0,24
302,7.3 Miles,2023-01-20T22:08:39.000,,,77,0,0,0,24
303,7.3 Miles,2023-01-20T22:13:46.000,,,77,0,0,0,25
304,7.3 Miles,2023-01-20T22:18:53.000,,,77,0,0,0,25
305,7.3 Miles,2023-01-20T22:24:00.000,,,77,0,0,0,25
306,7.3 Miles,2023-01-20T22:29:07.000,,,77,0,0,0,25
307,7.3 Miles,2023-01-20T22:34:14.000,,,77,0,0,0,25
308,7.3 Miles,2023-01-20T22:39:21.000,,,77,0,0,0,25
309,7.3 Miles,2023-01-20T22:44:28.000,,,77,0,0,0,25
310,7.3 Miles,2023-01-20T22:49:35.000,,,77,0,0,0,25
311,7.3 Miles,2023-01-20T22:54:42.000,,,77,0,0,0,25
312,7.3 Miles,2023-01-20T22:59:49.000,,,76,0,0,0,25
313,7.3 Miles,2023-01-20T23:04:56.000,,,76,0,0,0,25
314,7.3 Miles,2023-01-20T23:10:03.000,,,76,0,0,0,25
315,7.3 Miles,2023-01-20T23:15:10.000,,,76,0,0,0,25
316,7.3 Miles,2023-01-20T23:20:17.000,,,76,0,0,0,25
317,7.3 Miles,2023-01-20T23:25:24.000,,,76,0,0,0,25
318,7.3 Miles,2023-01-20T23:30:31.000,,,76,0,0,0,25
319,7.3 Miles,2023-01-20T23:35:38.000,,,76,0,0,0,25
320,7.3 Miles,2023-01-20T23:40:45.000,,,76,0,0,0,26
321,7.3 Miles,2023-01-20T23:45:52.000,,,76,0,0,0,26
322,7.3 Miles,2023-01-20T23:50:59.000,,,76,0,0,0,26
323,7.3 Miles,2023-01-20T23:56:06.000,,,76,0,0,0,25
324,7.3 Miles,2023-01-21T00:01:13.000,,,76,0,0,0,25
325,7.3 Miles,2023-01-21T00:06:20.000,,,76,0,0,0,25
326,7.3 Miles,2023-01-21T00:11:27.000,,,76,0,0,0,25
327,7.3 Miles,2023-01-21T00:16:34.000,,,76,0,0,0,25
328,7.3 Miles,2023-01-21T00:21:41.000,,,76,0,0,0,25
329,7.3 Miles,2023-01-21T00:26:48.000,,,76,0,0,0,25
330,7.3 Miles,2023-01-21T00:31:55.000,,,75,0,0,0,26
331,7.3 Miles,2023-01-21T00:37:02.000,,,76,0,0,0,25
332,7.3 Miles,2023-01-21T00:42:09.000,,,76,0,0,0,25
333,7.3 Miles,2023-01-21T00:47:16.000,,,76,0,0,0,25
334,7.3 Miles,2023-01-21T00:52:23.000,,,76,0,0,0,25
335,7.3 Miles,2023-01-21T00:57:30.000,,,76,0,0,0,25
336,7.3 Miles,2023-01-21T01:02:37.000,,,76,0,0,0,25
337,7.3 Miles,2023-01-21T01:07:44.000,,,76,0,0,0,25
338,7.3 Miles,2023-01-21T01:12:51.000,,,76,0,0,0,25
339,7.3 Miles,2023-01-21T01:17:58.000,,,76,0,0,0,25
340,7.3 Miles,2023-01-21T01:23:05.000,,,76,0,0,0,25
341,7.3 Miles,2023-01-21T01:28:12.000,,,76,0,0,0,25
342,7.3 Miles,2023-01-21T01:33:19.000,,,76,0,0,0,25
343,7.3 Miles,2023-01-21T01:38:26.000,,,76,0,0,0,25
344,7.3 Miles,2023-01-21T01:43:33.000,,,76,0,0,0,25
345,7.3 Miles,2023-01-21T01:48:40.000,,,76,0,0,0,25
346,7.3 Miles,2023-01-21T01:53:47.000,,,76,0,0,0,25
347,7.3 Miles,2023-01-21T01:58:54.000,,,76,0,0,0,25
348,7.3 Miles,2023-01-21T02:04:01.000,,,76,0,0,0,25
349,7.3 Miles,2023-01-21T02:09:08.000,,,76,0,0,0,25
350,7.3 Miles,2023-01-21T02:14:15.000,,,77,0,0,0,25
351,7.3 Miles,2023-01-21T02:19:22.000,,,77,0,0,0,24
352,7.3 Miles,2023-01-21T02:24:29.000,,,76,0,0,0,24
353,7.3 Miles,2023-01-21T02:29:36.000,,,76,0,0,0,24
354,7.3 Miles,2023-01-21T02:34:43.000,,,76,0,0,0,24
355,7.3 Miles,2023-01-21T02:39:50.000,,,76,0,0,0,24
356,7.3 Miles,2023-01-21T02:44:57.000,,,76,0,0,0,25
357,7.3 Miles,2023-01-21T02:50:04.000,,,76,0,0,0,25
358,7.3 Miles,2023-01-21T02:55:11.000,,,77,0,0,0,24
359,7.3 Miles,2023-01-21T03:00:18.000,,,77,0,0,0,24
360,7.3 Miles,2023-01-21T03:05:25.000,,,76,0,0,0,24
361,7.3 Miles,2023-01-21T03:10:31.000,,,76,0,0,0,24
362,7.3 Miles,2023-01-21T03:15:38.000,,,76,0,0,0,24
363,7.3 Miles,2023-01-21T03:20:45.000,,,76,0,0,0,24
364,7.3 Miles,2023-01-21T03:25:52.000,,,76,0,0,0,24
365,7.3 Miles,2023-01-21T03:30:59.000,,,76,0,0,0,24
366,7.3 Miles,2023-01-21T03:36:06.000,,,77,0,0,0,24
367,7.3 Miles,2023-01-21T03:41:13.000,,,77,0,0,0,24
368,7.3 Miles,2023-01-21T03:46:20.000,,,76,0,0,0,24
369,7.3 Miles,2023-01-21T03:51:27.000,,,76,0,0,0,24
370,7.3 Miles,2023-01-21T03:56:34.000,,,76,0,0,0,24
371,7.3 Miles,2023-01-21T04:01:41.000,,,76,0,0,0,24
372,7.3 Miles,2023-01-21T04:06:48.000,,,76,0,0,0,24
373,7.3 Miles,2023-01-21T04:11:55.000,,,76,0,0,0,24
374,7.3 Miles,2023-01-21T04:17:02.000,,,77,0,0,0,24
375,7.3 Miles,2023-01-21T04:22:09.000,,,77,0,0,0,24
376,7.3 Miles,2023-01-21T04:27:16.000,,,76,0,0,0,24
377,7.3 Miles,2023-01-21T04:32:23.000,,,76,0,0,0,24
378,7.3 Miles,2023-01-21T04:37:30.000,,,76,0,0,0,24
379,7.3 Miles,2023-01-21T04:42:37.000,,,76,0,0,0,24
380,7.3 Miles,2023-01-21T04:47:44.000,,,76,0,0,0,24
381,7.3 Miles,2023-01-21T04:52:51.000,,,77,0,0,0,24
382,7.3 Miles,2023-01-21T04:57:58.000,,,77,0,0,0,24
383,7.3 Miles,2023-01-21T05:03:05.000,,,77,0,0,0,24
384,7.3 Miles,2023-01-21T05:08:12.000,,,76,0,0,0,24
385,7.3 Miles,2023-01-21T05:13:19.000,,,76,0,0,0,24
386,7.3 Miles,2023-01-21T05:18:26.000,,,76,0,0,0,23
387,7.3 Miles,2023-01-21T05:23:33.000,,,76,0,0,0,24
388,7.3 Miles,2023-01-21T05:28:40.000,,,76,0,0,0,24
389,7.3 Miles,2023-01-21T05:33:47.000,,,77,0,0,0,24
390,7.3 Miles,2023-01-21T05:38:54.000,,,77,0,0,0,23
391,7.3 Miles,2023-01-21T05:44:01.000,,,77,0,0,0,23
392,7.3 Miles,2023-01-21T05:49:08.000,,,76,0,0,0,24
393,7.3 Miles,2023-01-21T05:54:15.000,,,76,0,0,0,24
394,7.3 Miles,2023-01-21T05:59:22.000,,,76,0,0,0,24
395,7.3 Miles,2023-01-21T06:04:29.000,,,76,0,0,0,24
396,7.3 Miles,2023-01-21T06:09:36.000,,,77,0,0,0,23
397,7.3 Miles,2023-01-21T06:14:43.000,,,77,0,0,0,23
398,7.3 Miles,2023-01-21T06:19:50.000,,,77,0,0,0,23
399,7.3 Miles,2023-01-21T06:24:57.000,,,76,0,0,0,23
400,7.3 Miles,2023-01-21T06:30:04.000,,,76,0,0,0,23
401,7.3 Miles,2023-01-21T06:35:11.000,,,76,0,0,0,23
402,7.3 Miles,2023-01-21T06:40:18.000,,,76,0,0,0,24
403,7.3 Miles,2023-01-21T06:45:25.000,,,77,0,0,0,23
404,7.3 Miles,2023-01-21T06:50:32.000,,,77,0,0,0,23
405,7.3 Miles,2023-01-21T06:55:39.000,,,77,0,0,0,23
406,7.3 Miles,2023-01-21T07:00:46.000,,,76,0,0,0,23
407,7.3 Miles,2023-01-21T07:05:53.000,,,76,0,0,0,23
408,7.3 Miles,2023-01-21T07:11:00.000,,,76,0,0,0,24
409,7.3 Miles,2023-01-21T07:16:07.000,,,77,0,0,0,23
410,7.3 Miles,2023-01-21T07:21:14.000,,,77,0,0,0,23
411,7.3 Miles,2023-01-21T07:26:21.000,,,77,0,0,0,23
412,7.3 Miles,2023-01-21T07:31:28.000,,,77,0,0,0,23
413,7.3 Miles,2023-01-21T07:36:35.000,,,77,0,0,0,23
414,7.3 Miles,2023-01-21T07:41:42.000,,,78,0,0,0,23
415,7.3 Miles,2023-01-21T07:46:49.000,,,78,0,0,0,23
416,7.3 Miles,2023-01-21T07:51:56.000,,,78,0,0,0,23
417,7.3 Miles,2023-01-21T07:57:03.000,,,78,0,0,0,23
418,7.3 Miles,2023-01-21T08:02:10.000,,,77,0,0,0,23
419,7.3 Miles,2023-01-21T08:07:17.000,,,78,0,0,0,23
420,7.3 Miles,2023-01-21T08:12:24.000,,,78,0,0,0,23
421,7.3 Miles,2023-01-21T08:17:31.000,,,78,0,0,0,23
422,7.3 Miles,2023-01-21T08:22:38.000,,,78,0,0,0,23
423,7.3 Miles,2023-01-21T08:27:45.000,,,77,0,0,0,23
424,7.3 Miles,2023-01-21T08:32:52.000,,,78,0,0,0,23
425,7.3 Miles,2023-01-21T08:37:59.000,,,78,0,0,0,23
426,7.3 Miles,2023-01-21T08:43:06.000,,,78,0,0,0,23
427,7.3 Miles,2023-01-21T08:48:13.000,,,79,0,0,0,23
428,7.3 Miles,2023-01-21T08:53:20.000,,,79,0,0,0,23
429,7.3 Miles,2023-01-21T08:58:27.000,,,79,0,0,0,23
430,7.3 Miles,2023-01-21T09:03:34.000,,,78,0,0,0,24
431,7.3 Miles,2023-01-21T09:08:41.000,,,79,0,0,0,23
432,7.3 Miles,2023-01-21T09:13:48.000,,,79,0,0,0,23
433,7.3 Miles,2023-01-21T09:18:55.000,,,79,0,0,0,23
434,7.3 Miles,2023-01-21T09:24:02.000,,,79,0,0,0,23
435,7.3 Miles,2023-01-21T09:29:09.000,,,79,0,0,0,24
436,7.3 Miles,2023-01-21T09:34:16.000,,,79,0,0,0,23
437,7.3 Miles,2023-01-21T09:39:23.000,,,79,0,0,0,23
438,7.3 Miles,2023-01-21T09:44:30.000,,,79,0,0,0,23
439,7.3 Miles,2023-01-21T09:49:37.000,,,79,0,0,0,23
440,7.3 Miles,2023-01-21T09:54:44.000,,,79,0,0,0,23
441,7.3 Miles,2023-01-21T09:59:51.000,,,78,0,0,0,24
442,7.3 Miles,2023-01-21T10:04:58.000,,,78,0,0,0,24
443,7.3 Miles,2023-01-21T10:10:05.000,,,79,0,0,0,23
444,7.3 Miles,2023-01-21T10:15:12.000,,,79,0,0,0,23
445,7.3 Miles,2023-01-21T10:20:19.000,,,79,0,0,0,23
446,7.3 Miles,2023-01-21T10:25:26.000,,,79,0,0,0,23
447,7.3 Miles,2023-01-21T10:30:33.000,,,78,0,0,0,24
448,7.3 Miles,2023-01-21T10:35:40.000,,,78,0,0,0,24
449,7.3 Miles,2023-01-21T10:40:47.000,,,78,0,0,0,24
450,7.3 Miles,2023-01-21T10:45:54.000,,,78,0,0,0,24
451,7.3 Miles,2023-01-21T10:51:01.000,,,78,0,0,0,24
452,7.3 Miles,2023-01-21T10:56:08.000,,,77,0,0,0,24
453,7.3 Miles,2023-01-21T11:01:15.000,,,78,0,0,0,24
454,7.3 Miles,2023-01-21T11:06:22.000,,,79,0,0,0,23
455,7.3 Miles,2023-01-21T11:11:29.000,,,79,0,0,0,23
456,7.3 Miles,2023-01-21T11:16:36.000,,,79,0,0,0,23
457,7.3 Miles,2023-01-21T11:21:43.000,,,79,0,0,0,24
458,7.3 Miles,2023-01-21T11:26:50.000,,,78,0,0,0,24
459,7.3 Miles,2023-01-21T11:31:57.000,,,78,0,0,0,24
460,7.3 Miles,2023-01-21T11:37:04.000,,,79,0,0,0,23
461,7.3 Miles,2023-01-21T11:42:11.000,,,79,0,0,0,23
462,7.3 Miles,2023-01-21T11:47:18.000,,,79,0,0,0,23
463,7.3 Miles,2023-01-21T11:52:25.000,,,79,0,0,0,23
464,7.3 Miles,2023-01-21T11:57:32.000,,,78,0,0,0,24
465,7.3 Miles,2023-01-21T12:02:39.000,,,78,0,0,0,24
466,7.3 Miles,2023-01-21T12:07:46.000,,,78,0,0,0,24
467,7.3 Miles,2023-01-21T12:12:53.000,,,78,0,0,0,24
468,7.3 Miles,2023-01-21T12:18:00.000,,,79,0,0,0,24
469,7.3 Miles,2023-01-21T12:23:07.000,,,79,0,0,0,24
470,7.3 Miles,2023-01-21T12:33:52.000,,,79,0,0,0,23
471,7.3 Miles,2023-01-21T12:38:59.000,,,78,0,0,0,24
472,7.3 Miles,2023-01-21T12:44:06.000,,,78,0,0,0,24
473,7.3 Miles,2023-01-21T12:49:13.000,,,78,0,0,0,24
474,7.3 Miles,2023-01-21T12:54:20.000,,,78,0,0,0,24
475,7.3 Miles,2023-01-21T12:59:27.000,,,78,0,0,0,24
476,7.3 Miles,2023-01-21T13:04:34.000,,,78,0,0,0,24
477,7.3 Miles,2023-01-21T13:09:41.000,,,77,0,0,0,24
478,7.3 Miles,2023-01-21T13:14:48.000,,,78,0,0,0,24
479,7.3 Miles,2023-01-21T13:19:55.000,,,79,0,0,0,24
480,7.3 Miles,2023-01-21T13:25:02.000,,,79,0,0,0,24
481,7.3 Miles,2023-01-21T13:30:09.000,,,78,0,0,0,24
482,7.3 Miles,2023-01-21T13:35:16.000,,,78,0,0,0,24
483,7.3 Miles,2023-01-21T13:40:23.000,,,78,0,0,0,24
484,7.3 Miles,2023-01-21T13:45:30.000,,,78,0,0,0,24
485,7.3 Miles,2023-01-21T13:50:37.000,,,78,0,0,0,24
486,7.3 Miles,2023-01-21T13:55:44.000,,,77,0,0,0,24
487,7.3 Miles,2023-01-21T14:00:51.000,,,78,0,0,0,24
488,7.3 Miles,2023-01-21T14:05:58.000,,,79,0,0,0,24
489,7.3 Miles,2023-01-21T14:11:05.000,,,79,0,0,0,24
490,7.3 Miles,2023-01-21T14:16:12.000,,,78,0,0,0,24
491,7.3 Miles,2023-01-21T14:21:19.000,,,78,0,0,0,24
492,7.3 Miles,2023-01-21T14:26:26.000,,,79,0,0,0,24
493,7.3 Miles,2023-01-21T14:31:33.000,,,79,0,0,0,23
494,7.3 Miles,2023-01-21T14:36:40.000,,,79,0,0,0,24
495,7.3 Miles,2023-01-21T14:41:47.000,,,79,0,0,0,24
496,7.3 Miles,2023-01-21T14:46:54.000,,,79,0,0,0,24
497,7.3 Miles,2023-01-21T14:52:01.000,,,79,0,0,0,23
498,7.3 Miles,2023-01-21T14:57:08.000,,,79,0,0,0,23
499,7.3 Miles,2023-01-21T15:02:15.000,,,79,0,0,0,23
500,7.3 Miles,2023-01-21T15:07:22.000,,,79,0,0,0,24
501,7.3 Miles,2023-01-21T15:12:29.000,,,79,0,0,0,24
502,7.3 Miles,2023-01-21T15:17:36.000,,,79,0,0,0,23
503,7.3 Miles,2023-01-21T15:22:43.000,,,80,0,0,0,23
504,7.3 Miles,2023-01-21T15:27:50.000,,,79,0,0,0,23
505,7.3 Miles,2023-01-21T15:32:57.000,,,79,0,0,0,23
506,7.3 Miles,2023-01-21T15:38:04.000,,,79,0,0,0,24
507,7.3 Miles,2023-01-21T15:43:11.000,,,79,0,0,0,24
508,7.3 Miles,2023-01-21T15:48:18.000,,,79,0,0,0,23
509,7.3 Miles,2023-01-21T15:53:25.000,,,80,0,0,0,23
510,7.3 Miles,2023-01-21T15:58:32.000,,,80,0,0,0,23
511,7.3 Miles,2023-01-21T16:03:39.000,,,79,0,0,0,23
512,7.3 Miles,2023-01-21T16:08:46.000,,,79,0,0,0,23
513,7.3 Miles,2023-01-21T16:13:53.000,,,79,0,0,0,24
514,7.3 Miles,2023-01-21T16:19:00.000,,,79,0,0,0,24
515,7.3 Miles,2023-01-21T16:24:07.000,,,80,0,0,0,23
516,7.3 Miles,2023-01-21T16:29:14.000,,,79,0,0,0,24
517,7.3 Miles,2023-01-21T16:34:21.000,,,79,0,0,0,24
518,7.3 Miles,2023-01-21T16:39:28.000,,,79,0,0,0,24
519,7.3 Miles,2023-01-21T16:44:35.000,,,79,0,0,0,24
520,7.3 Miles,2023-01-21T16:49:42.000,,,79,0,0,0,24
521,7.3 Miles,2023-01-21T16:54:49.000,,,79,0,0,0,24
522,7.3 Miles,2023-01-21T16:59:56.000,,,80,0,0,0,24
523,7.3 Miles,2023-01-21T17:05:03.000,,,79,0,0,0,24
524,7.3 Miles,2023-01-21T17:10:10.000,,,79,0,0,0,24
525,7.3 Miles,2023-01-21T17:15:17.000,,,79,0,0,0,24
526,7.3 Miles,2023-01-21T17:20:24.000,,,79,0,0,0,24
527,7.3 Miles,2023-01-21T17:25:31.000,,,79,0,0,0,24
528,7.3 Miles,2023-01-21T17:30:38.000,,,79,0,0,0,24
529,7.3 Miles,2023-01-21T17:35:45.000,,,79,0,0,0,24
530,7.3 Miles,2023-01-21T17:40:52.000,,,79,0,0,0,24
531,7.3 Miles,2023-01-21T17:45:59.000,,,79,0,0,0,24
532,7.3 Miles,2023-01-21T17:51:06.000,,,79,0,0,0,24
533,7.3 Miles,2023-01-21T17:56:13.000,,,79,0,0,0,24
534,7.3 Miles,2023-01-21T18:01:20.000,,,79,0,0,0,24
535,7.3 Miles,2023-01-21T18:06:27.000,,,80,0,0,0,23
536,7.3 Miles,2023-01-21T18:11:34.000,,,80,0,0,0,23
537,7.3 Miles,2023-01-21T18:16:41.000,,,80,0,0,0,23
538,7.3 Miles,2023-01-21T18:21:48.000,,,80,0,0,0,23
539,7.3 Miles,2023-01-21T18:26:55.000,,,80,0,0,0,23
540,7.3 Miles,2023-01-21T18:32:02.000,,,80,0,0,0,23
541,7.3 Miles,2023-01-21T18:37:09.000,,,80,0,0,0,23
542,7.3 Miles,2023-01-21T18:42:16.000,,,80,0,0,0,23
543,7.3 Miles,2023-01-21T18:47:23.000,,,80,0,0,0,23
544,7.3 Miles,2023-01-21T18:52:30.000,,,80,0,0,0,23
545,7.3 Miles,2023-01-21T18:57:37.000,,,80,0,0,0,23
546,7.3 Miles,2023-01-21T19:02:44.000,,,80,0,0,0,23
547,7.3 Miles,2023-01-21T19:07:51.000,,,79,0,0,0,23
548,7.3 Miles,2023-01-21T19:12:58.000,,,79,0,0,0,24
549,7.3 Miles,2023-01-21T19:18:05.000,,,79,0,0,0,24
550,7.3 Miles,2023-01-21T19:23:12.000,,,79,0,0,0,24
551,7.3 Miles,2023-01-21T19:28:19.000,,,79,0,0,0,23
552,7.3 Miles,2023-01-21T19:33:26.000,,,79,0,0,0,23
553,7.3 Miles,2023-01-21T19:38:33.000,,,79,0,0,0,23
554,7.3 Miles,2023-01-21T19:43:40.000,,,79,0,0,0,23
555,7.3 Miles,2023-01-21T19:48:47.000,,,79,0,0,0,23
556,7.3 Miles,2023-01-21T19:53:54.000,,,79,0,0,0,23
557,7.3 Miles,2023-01-21T19:59:01.000,,,79,0,0,0,23
558,7.3 Miles,2023-01-21T20:04:08.000,,,79,0,0,0,23
559,7.3 Miles,2023-01-21T20:09:15.000,,,79,0,0,0,23
560,7.3 Miles,2023-01-21T20:14:22.000,,,79,0,0,0,23
561,7.3 Miles,2023-01-21T20:19:29.000,,,79,0,0,0,23
562,7.3 Miles,2023-01-21T20:24:36.000,,,79,0,0,0,23
563,7.3 Miles,2023-01-21T20:29:43.000,,,79,0,0,0,23
564,7.3 Miles,2023-01-21T20:34:50.000,,,78,0,0,0,24
565,7.3 Miles,2023-01-21T20:39:57.000,,,78,0,0,0,24
566,7.3 Miles,2023-01-21T20:45:04.000,,,78,0,0,0,23
567,7.3 Miles,2023-01-21T20:50:11.000,,,78,0,0,0,23
568,7.3 Miles,2023-01-21T20:55:18.000,,,79,0,0,0,23
569,7.3 Miles,2023-01-21T21:00:25.000,,,79,1,2,2,23
570,7.3 Miles,2023-01-21T21:05:32.000,,,79,1,1,1,23
571,7.3 Miles,2023-01-21T21:10:39.000,,,79,0,0,0,23
572,7.3 Miles,2023-01-21T21:15:46.000,,,79,0,0,0,23
573,7.3 Miles,2023-01-21T21:20:52.000,,,79,0,0,0,23
574,7.3 Miles,2023-01-21T21:25:59.000,,,79,0,0,0,23
575,7.3 Miles,2023-01-21T21:31:06.000,,,79,0,0,0,23
576,7.3 Miles,2023-01-21T21:36:14.000,,,79,0,0,0,23
577,7.3 Miles,2023-01-21T21:41:20.000,,,79,0,0,0,23
578,7.3 Miles,2023-01-21T21:46:27.000,,,79,0,0,0,23
579,7.3 Miles,2023-01-21T21:51:34.000,,,79,0,1,1,23
580,7.3 Miles,2023-01-21T21:56:41.000,,,79,0,0,0,24
581,7.3 Miles,2023-01-21T22:01:48.000,,,79,0,0,0,24
582,7.3 Miles,2023-01-21T22:06:56.000,,,79,0,0,0,24
583,7.3 Miles,2023-01-21T22:12:02.000,,,79,0,0,0,24
584,7.3 Miles,2023-01-21T22:17:09.000,,,78,0,0,0,24
585,7.3 Miles,2023-01-21T22:22:16.000,,,78,0,0,0,24
586,7.3 Miles,2023-01-21T22:27:23.000,,,78,0,0,0,24
587,7.3 Miles,2023-01-21T22:32:30.000,,,78,0,0,0,24
588,7.3 Miles,2023-01-21T22:37:37.000,,,78,0,0,0,24
589,7.3 Miles,2023-01-21T22:42:44.000,,,78,0,0,0,24
590,7.3 Miles,2023-01-21T22:47:51.000,,,78,0,0,0,23
591,7.3 Miles,2023-01-21T22:52:58.000,,,78,0,0,0,23
592,7.3 Miles,2023-01-21T22:58:05.000,,,78,0,0,0,23
593,7.3 Miles,2023-01-21T23:03:12.000,,,78,0,0,0,24
594,7.3 Miles,2023-01-21T23:08:19.000,,,78,0,0,0,24
595,7.3 Miles,2023-01-21T23:13:26.000,,,78,0,0,0,24
596,7.3 Miles,2023-01-21T23:18:33.000,,,78,0,0,0,24
597,7.3 Miles,2023-01-21T23:23:40.000,,,78,0,0,0,24
598,7.3 Miles,2023-01-21T23:28:47.000,,,78,0,0,0,24
599,7.3 Miles,2023-01-21T23:33:55.000,,,78,0,0,0,24
600,7.3 Miles,2023-01-21T23:39:01.000,,,78,0,0,0,24
601,7.3 Miles,2023-01-21T23:44:08.000,,,78,0,0,0,24
602,7.3 Miles,2023-01-21T23:49:15.000,,,78,0,0,0,24
603,7.3 Miles,2023-01-21T23:54:22.000,,,78,0,0,0,24
604,7.3 Miles,2023-01-21T23:59:29.000,,,78,0,0,0,24
605,7.3 Miles,2023-01-22T00:04:36.000,,,78,0,0,0,24
606,7.3 Miles,2023-01-22T00:09:43.000,,,77,0,0,0,24
607,7.3 Miles,2023-01-22T00:14:50.000,,,77,0,0,0,24
608,7.3 Miles,2023-01-22T00:19:57.000,,,77,0,0,0,24
609,7.3 Miles,2023-01-22T00:25:04.000,,,77,0,0,0,23
610,7.3 Miles,2023-01-22T00:30:11.000,,,77,0,0,0,23
611,7.3 Miles,2023-01-22T00:35:18.000,,,77,0,0,0,23
612,7.3 Miles,2023-01-22T00:40:25.000,,,77,0,0,0,23
613,7.3 Miles,2023-01-22T00:45:32.000,,,77,0,0,0,23
614,7.3 Miles,2023-01-22T00:50:39.000,,,77,0,0,0,23
615,7.3 Miles,2023-01-22T00:55:46.000,,,77,0,0,0,23
616,7.3 Miles,2023-01-22T01:00:53.000,,,77,0,0,0,23
617,7.3 Miles,2023-01-22T01:06:00.000,,,77,0,0,0,23
618,7.3 Miles,2023-01-22T01:11:07.000,,,77,0,0,0,23
619,7.3 Miles,2023-01-22T01:16:14.000,,,76,0,0,0,23
620,7.3 Miles,2023-01-22T01:21:21.000,,,76,0,0,0,23
621,7.3 Miles,2023-01-22T01:26:28.000,,,76,0,0,0,23
622,7.3 Miles,2023-01-22T01:31:35.000,,,76,0,0,0,23
623,7.3 Miles,2023-01-22T01:36:42.000,,,76,0,0,0,23
624,7.3 Miles,2023-01-22T01:41:49.000,,,76,0,0,0,23
625,7.3 Miles,2023-01-22T01:46:56.000,,,76,0,0,0,23
626,7.3 Miles,2023-01-22T01:52:03.000,,,77,0,0,0,23
627,7.3 Miles,2023-01-22T01:57:10.000,,,77,0,0,0,22
628,7.3 Miles,2023-01-22T02:02:17.000,,,77,0,0,0,23
629,7.3 Miles,2023-01-22T02:07:24.000,,,77,0,0,0,23
630,7.3 Miles,2023-01-22T02:12:31.000,,,77,0,0,0,23
631,7.3 Miles,2023-01-22T02:17:38.000,,,77,0,0,0,23
632,7.3 Miles,2023-01-22T02:22:45.000,,,76,0,0,0,23
633,7.3 Miles,2023-01-22T02:27:52.000,,,77,0,0,0,22
634,7.3 Miles,2023-01-22T02:32:59.000,,,77,0,0,0,22
635,7.3 Miles,2023-01-22T02:38:06.000,,,77,0,0,0,22
636,7.3 Miles,2023-01-22T02:43:13.000,,,77,0,0,0,22
637,7.3 Miles,2023-01-22T02:48:20.000,,,77,0,0,0,22
638,7.3 Miles,2023-01-22T02:53:27.000,,,77,0,0,0,22
639,7.3 Miles,2023-01-22T02:58:34.000,,,77,0,0,0,22
640,7.3 Miles,2023-01-22T03:03:41.000,,,78,0,0,0,22
641,7.3 Miles,2023-01-22T03:08:48.000,,,77,0,0,0,22
642,7.3 Miles,2023-01-22T03:13:55.000,,,77,0,0,0,22
643,7.3 Miles,2023-01-22T03:19:02.000,,,77,0,0,0,22
644,7.3 Miles,2023-01-22T03:24:09.000,,,77,0,0,0,22
645,7.3 Miles,2023-01-22T03:29:16.000,,,78,0,0,0,22
646,7.3 Miles,2023-01-22T03:34:23.000,,,78,0,0,0,22
647,7.3 Miles,2023-01-22T03:39:30.000,,,78,0,0,0,22
648,7.3 Miles,2023-01-22T03:44:37.000,,,78,0,0,0,22
649,7.3 Miles,2023-01-22T03:49:44.000,,,77,0,0,0,22
650,7.3 Miles,2023-01-22T03:54:51.000,,,77,0,0,0,22
651,7.3 Miles,2023-01-22T03:59:58.000,,,78,0,0,0,22
652,7.3 Miles,2023-01-22T04:05:05.000,,,78,0,0,0,22
653,7.3 Miles,2023-01-22T04:10:12.000,,,78,0,0,0,22
654,7.3 Miles,2023-01-22T04:15:19.000,,,78,0,0,0,22
655,7.3 Miles,2023-01-22T04:20:26.000,,,78,0,0,0,22
656,7.3 Miles,2023-01-22T04:25:33.000,,,77,0,0,0,22
657,7.3 Miles,2023-01-22T04:30:40.000,,,77,0,0,0,22
658,7.3 Miles,2023-01-22T04:35:47.000,,,78,0,0,0,22
659,7.3 Miles,2023-01-22T04:40:54.000,,,78,0,0,0,22
660,7.3 Miles,2023-01-22T04:46:01.000,,,78,0,0,0,22
661,7.3 Miles,2023-01-22T04:51:08.000,,,78,0,0,0,22
662,7.3 Miles,2023-01-22T04:56:15.000,,,78,0,0,0,22
663,7.3 Miles,2023-01-22T05:01:22.000,,,77,0,0,0,22
664,7.3 Miles,2023-01-22T05:06:29.000,,,78,0,0,0,22
665,7.3 Miles,2023-01-22T05:11:36.000,,,78,0,0,0,22
666,7.3 Miles,2023-01-22T05:16:43.000,,,78,0,0,0,22
667,7.3 Miles,2023-01-22T05:21:50.000,,,78,0,0,0,22
668,7.3 Miles,2023-01-22T05:26:57.000,,,78,0,0,0,22
669,7.3 Miles,2023-01-22T05:32:04.000,,,78,0,0,0,22
670,7.3 Miles,2023-01-22T05:37:11.000,,,77,0,0,0,22
671,7.3 Miles,2023-01-22T05:42:18.000,,,78,0,0,0,22
672,7.3 Miles,2023-01-22T05:47:25.000,,,78,0,0,0,22
673,7.3 Miles,2023-01-22T05:52:32.000,,,78,0,0,0,22
674,7.3 Miles,2023-01-22T05:57:39.000,,,78,0,0,0,22
675,7.3 Miles,2023-01-22T06:02:46.000,,,78,0,0,0,22
676,7.3 Miles,2023-01-22T06:07:53.000,,,78,0,0,0,22
677,7.3 Miles,2023-01-22T06:13:00.000,,,77,0,0,0,22
678,7.3 Miles,2023-01-22T06:18:07.000,,,78,0,0,0,22
679,7.3 Miles,2023-01-22T06:23:14.000,,,78,0,0,0,22
680,7.3 Miles,2023-01-22T06:28:21.000,,,78,0,0,0,22
681,7.3 Miles,2023-01-22T06:33:28.000,,,78,0,0,0,22
682,7.3 Miles,2023-01-22T06:38:35.000,,,78,0,0,0,22
683,7.3 Miles,2023-01-22T06:43:42.000,,,78,0,0,0,22
684,7.3 Miles,2023-01-22T06:48:49.000,,,77,0,0,0,22
685,7.3 Miles,2023-01-22T06:53:56.000,,,78,0,0,0,22
686,7.3 Miles,2023-01-22T06:59:03.000,,,78,0,0,0,22
687,7.3 Miles,2023-01-22T07:04:10.000,,,78,0,0,0,22
688,7.3 Miles,2023-01-22T07:09:17.000,,,78,0,0,0,22
689,7.3 Miles,2023-01-22T07:14:24.000,,,78,0,0,0,22
690,7.3 Miles,2023-01-22T07:19:31.000,,,79,0,0,0,22
691,7.3 Miles,2023-01-22T07:24:38.000,,,79,0,0,0,22
692,7.3 Miles,2023-01-22T07:29:45.000,,,79,0,0,0,22
693,7.3 Miles,2023-01-22T07:34:52.000,,,79,0,0,0,22
694,7.3 Miles,2023-01-22T07:39:59.000,,,79,0,0,0,22
695,7.3 Miles,2023-01-22T07:45:06.000,,,79,0,0,0,22
696,7.3 Miles,2023-01-22T07:50:13.000,,,79,0,0,0,22
697,7.3 Miles,2023-01-22T07:55:20.000,,,79,0,0,0,22
698,7.3 Miles,2023-01-22T08:00:27.000,,,79,0,0,0,22
699,7.3 Miles,2023-01-22T08:05:34.000,,,79,0,0,0,22
700,7.3 Miles,2023-01-22T08:10:41.000,,,79,0,0,0,22
701,7.3 Miles,2023-01-22T08:15:48.000,,,79,0,0,0,22
702,7.3 Miles,2023-01-22T08:20:55.000,,,79,0,0,0,22
703,7.3 Miles,2023-01-22T08:26:02.000,,,78,0,0,0,23
704,7.3 Miles,2023-01-22T08:31:09.000,,,78,0,0,0,23
705,7.3 Miles,2023-01-22T08:36:16.000,,,77,0,0,0,23
706,7.3 Miles,2023-01-22T08:41:23.000,,,78,0,0,0,23
707,7.3 Miles,2023-01-22T08:46:30.000,,,78,0,0,0,23
708,7.3 Miles,2023-01-22T08:51:37.000,,,78,0,0,0,23
709,7.3 Miles,2023-01-22T08:56:44.000,,,78,0,0,0,23
710,7.3 Miles,2023-01-22T09:01:51.000,,,78,0,0,0,23
711,7.3 Miles,2023-01-22T09:06:58.000,,,77,0,0,0,23
712,7.3 Miles,2023-01-22T09:12:05.000,,,78,0,0,0,23
713,7.3 Miles,2023-01-22T09:17:12.000,,,78,0,0,0,23
714,7.3 Miles,2023-01-22T09:22:19.000,,,78,0,0,0,23
715,7.3 Miles,2023-01-22T09:27:26.000,,,78,0,0,0,24
716,7.3 Miles,2023-01-22T09:32:33.000,,,78,0,0,0,25
717,7.3 Miles,2023-01-22T09:37:40.000,,,78,0,0,0,25
718,7.3 Miles,2023-01-22T09:42:47.000,,,77,0,0,0,25
719,7.3 Miles,2023-01-22T09:47:54.000,,,77,0,0,0,25
720,7.3 Miles,2023-01-22T09:53:01.000,,,77,0,0,0,26
721,7.3 Miles,2023-01-22T09:58:08.000,,,77,0,0,0,25
722,7.3 Miles,2023-01-22T10:03:15.000,,,79,0,0,0,24
723,7.3 Miles,2023-01-22T10:08:22.000,,,79,0,0,0,24
724,7.3 Miles,2023-01-22T10:13:29.000,,,79,0,0,0,24
725,7.3 Miles,2023-01-22T10:18:36.000,,,79,0,0,0,24
726,7.3 Miles,2023-01-22T10:23:43.000,,,80,0,0,0,23
727,7.3 Miles,2023-01-22T10:28:50.000,,,80,0,0,0,24
728,7.3 Miles,2023-01-22T10:33:57.000,,,80,0,0,0,24
729,7.3 Miles,2023-01-22T10:39:04.000,,,79,0,0,0,24
730,7.3 Miles,2023-01-22T10:44:11.000,,,80,0,0,0,23
731,7.3 Miles,2023-01-22T10:49:18.000,,,80,0,0,0,24
732,7.3 Miles,2023-01-22T10:54:25.000,,,80,0,0,0,24
733,7.3 Miles,2023-01-22T10:59:32.000,,,80,0,0,0,24
734,7.3 Miles,2023-01-22T11:04:39.000,,,79,0,0,0,24
735,7.3 Miles,2023-01-22T11:09:46.000,,,80,0,0,0,23
736,7.3 Miles,2023-01-22T11:14:53.000,,,80,0,0,0,23
737,7.3 Miles,2023-01-22T11:20:00.000,,,80,0,0,0,24
738,7.3 Miles,2023-01-22T11:25:07.000,,,80,0,0,0,24
739,7.3 Miles,2023-01-22T11:30:14.000,,,80,0,0,0,24
740,7.3 Miles,2023-01-22T11:35:21.000,,,79,0,0,0,24
741,7.3 Miles,2023-01-22T11:40:28.000,,,80,0,0,0,25
742,7.3 Miles,2023-01-22T11:45:35.000,,,80,0,0,0,25
743,7.3 Miles,2023-01-22T11:50:42.000,,,80,0,0,0,25
744,7.3 Miles,2023-01-22T11:55:49.000,,,80,0,0,0,25
745,7.3 Miles,2023-01-22T12:00:56.000,,,80,0,0,0,25
746,7.3 Miles,2023-01-22T12:06:03.000,,,80,0,0,0,26
747,7.3 Miles,2023-01-22T12:11:10.000,,,80,0,0,0,26
748,7.3 Miles,2023-01-22T12:16:17.000,,,79,0,0,0,26
749,7.3 Miles,2023-01-22T12:21:24.000,,,79,0,0,0,26
750,7.3 Miles,2023-01-22T12:26:31.000,,,79,0,0,0,26
751,7.3 Miles,2023-01-22T12:31:38.000,,,79,0,0,0,26
752,7.3 Miles,2023-01-22T12:36:45.000,,,80,0,0,0,26
753,7.3 Miles,2023-01-22T12:41:52.000,,,80,0,0,0,25
754,7.3 Miles,2023-01-22T12:46:59.000,,,80,0,0,0,25
755,7.3 Miles,2023-01-22T12:52:06.000,,,80,0,0,0,25
756,7.3 Miles,2023-01-22T12:57:13.000,,,79,0,0,0,25
757,7.3 Miles,2023-01-22T13:02:20.000,,,79,0,0,0,26
758,7.3 Miles,2023-01-22T13:07:27.000,,,79,0,0,0,26
759,7.3 Miles,2023-01-22T13:12:34.000,,,79,0,0,0,26
760,7.3 Miles,2023-01-22T13:17:41.000,,,79,0,0,0,26
761,7.3 Miles,2023-01-22T13:22:48.000,,,79,0,0,0,26
762,7.3 Miles,2023-01-22T13:27:55.000,,,79,0,0,0,26
763,7.3 Miles,2023-01-22T13:33:02.000,,,79,0,0,0,26
764,7.3 Miles,2023-01-22T13:38:09.000,,,79,0,0,0,26
765,7.3 Miles,2023-01-22T13:43:16.000,,,79,0,0,0,26
766,7.3 Miles,2023-01-22T13:48:23.000,,,79,0,0,0,26
767,7.3 Miles,2023-01-22T13:53:30.000,,,79,0,0,0,26
768,7.3 Miles,2023-01-22T13:58:37.000,,,79,0,0,0,26
769,7.3 Miles,2023-01-22T14:03:44.000,,,79,0,0,0,26
770,7.3 Miles,2023-01-22T14:08:51.000,,,79,0,0,0,26
771,7.3 Miles,2023-01-22T14:13:58.000,,,79,0,0,0,26
772,7.3 Miles,2023-01-22T14:19:05.000,,,79,0,0,0,26
773,7.3 Miles,2023-01-22T14:24:12.000,,,79,0,0,0,26
774,7.3 Miles,2023-01-22T14:29:19.000,,,79,0,0,0,26
775,7.3 Miles,2023-01-22T14:34:26.000,,,79,0,0,0,26
776,7.3 Miles,2023-01-22T14:39:33.000,,,79,0,0,0,25
777,7.3 Miles,2023-01-22T14:44:40.000,,,78,0,0,0,26
778,7.3 Miles,2023-01-22T14:49:47.000,,,79,0,0,0,25
779,7.3 Miles,2023-01-22T14:54:54.000,,,79,0,0,0,25
780,7.3 Miles,2023-01-22T15:00:01.000,,,79,0,0,0,25
781,7.3 Miles,2023-01-22T15:05:08.000,,,79,0,0,0,25
782,7.3 Miles,2023-01-22T15:10:15.000,,,79,0,0,0,25
783,7.3 Miles,2023-01-22T15:15:22.000,,,79,0,0,0,26
784,7.3 Miles,2023-01-22T15:20:29.000,,,79,0,0,0,26
785,7.3 Miles,2023-01-22T15:25:36.000,,,79,0,0,0,26
786,7.3 Miles,2023-01-22T15:30:42.000,,,79,0,0,0,26
787,7.3 Miles,2023-01-22T15:35:49.000,,,79,0,0,0,26
788,7.3 Miles,2023-01-22T15:40:56.000,,,79,0,0,0,26
789,7.3 Miles,2023-01-22T15:46:03.000,,,79,0,0,0,26
790,7.3 Miles,2023-01-22T15:51:10.000,,,79,0,0,0,26
791,7.3 Miles,2023-01-22T15:56:17.000,,,78,0,0,0,26
792,7.3 Miles,2023-01-22T16:01:24.000,,,78,0,0,0,26
793,7.3 Miles,2023-01-22T16:06:31.000,,,78,0,0,0,26
794,7.3 Miles,2023-01-22T16:11:38.000,,,78,0,0,0,26
795,7.3 Miles,2023-01-22T16:16:45.000,,,78,0,0,0,26
796,7.3 Miles,2023-01-22T16:21:52.000,,,79,0,0,0,26
797,7.3 Miles,2023-01-22T16:26:59.000,,,79,0,0,0,26
798,7.3 Miles,2023-01-22T16:32:06.000,,,79,0,0,0,26
799,7.3 Miles,2023-01-22T16:37:13.000,,,79,0,0,0,26
800,7.3 Miles,2023-01-22T16:42:20.000,,,78,0,0,0,26
801,7.3 Miles,2023-01-22T16:47:27.000,,,78,0,0,0,26
802,7.3 Miles,2023-01-22T16:52:34.000,,,78,0,0,0,26
803,7.3 Miles,2023-01-22T16:57:41.000,,,78,0,0,0,26
804,7.3 Miles,2023-01-22T17:02:48.000,,,78,0,0,0,26
805,7.3 Miles,2023-01-22T17:07:55.000,,,78,0,0,0,26
806,7.3 Miles,2023-01-22T17:13:02.000,,,79,0,0,0,25
